<?xml version="1.0" encoding="UTF-8"?>
<beans xmlns="http://www.springframework.org/schema/beans"
       xmlns:xsi="http://www.w3.org/2001/XMLSchema-instance"
       xmlns:context="http://www.springframework.org/schema/context"
       xsi:schemaLocation="
  http://www.springframework.org/schema/beans
https://www.springframework.org/schema/beans/spring-beans.xsd
  http://www.springframework.org/schema/context
https://www.springframework.org/schema/context/spring-context.xsd">
    <!-- bean definitions here -->
    <bean id="hwbean" class="com.demo.beans.HelloWorld">
    </bean>
    <bean id="p1" class="com.demo.beans.Product">
       <property name="pid" value="11"></property>
       <property name="pname" value="chair"></property>
       <property name="qty" value="100"></property>
    </bean>

</beans>